{"transforms_list": [[{"r": 0}, "similarity", [[1.0, -0.0, -22.92099952697754], [0.0, 1.0, 5.677000045776367], [0.0, 0.0, 1.0]]], [{"r": 1}, "similarity", [[1.0, -0.0, -22.304000854492188], [0.0, 1.0, 1.6430000066757202], [0.0, 0.0, 1.0]]], [{"r": 2}, "similarity", [[1.0, -0.0, -22.128000259399414], [0.0, 1.0, -3.2739999294281006], [0.0, 0.0, 1.0]]], [{"r": 3}, "similarity", [[1.0, -0.0, -15.003000259399414], [0.0, 1.0, -4.401000022888184], [0.0, 0.0, 1.0]]]], "version": "0.0.0"}