{"transforms_list": [[{"r": 0}, "similarity", [[1.0, -0.0, -22.868999481201172], [0.0, 1.0, 5.85699987411499], [0.0, 0.0, 1.0]]], [{"r": 1}, "similarity", [[1.0, -0.0, -22.13599967956543], [0.0, 1.0, 1.871999979019165], [0.0, 0.0, 1.0]]], [{"r": 2}, "similarity", [[1.0, -0.0, -21.957000732421875], [0.0, 1.0, -3.5799999237060547], [0.0, 0.0, 1.0]]], [{"r": 3}, "similarity", [[1.0, -0.0, -14.98799991607666], [0.0, 1.0, -4.414999961853027], [0.0, 0.0, 1.0]]]], "version": "0.0.0"}